Código da Planilha;Primeira Camada SIOPE;Segunda Camada SIOPE;Terceira Camada SIOPE;Quarta Camada SIOPE;Quinta Camada SIOPE;Observação/Regra
1481;Despesas Custeadas c/ Recursos Vinculados;Ação Judicial FUNDEF - Precatórios ;Ensino Fundamental ;122 - Administração Geral;
1248;Despesas Custeadas c/ Recursos Vinculados;Ação Judicial FUNDEF - Precatórios ;Ensino Fundamental ;306 - Alimentação e Nutrição - Merenda Escolar;
1249;Despesas Custeadas c/ Recursos Vinculados;Ação Judicial FUNDEF - Precatórios ;Ensino Fundamental ;361 - Ensino Fundamental;
1429;Despesas Custeadas c/ Recursos Vinculados;Ação Judicial FUNDEF - Precatórios ;Ensino Fundamental ;366 - Educação de Jovens e Adultos;
1430;Despesas Custeadas c/ Recursos Vinculados;Ação Judicial FUNDEF - Precatórios ;Ensino Fundamental ;367 - Educação Especial;
1252;Despesas Custeadas c/ Recursos Vinculados;Ação Judicial FUNDEF - Precatórios ;Ensino Fundamental ;782 - Transporte Escolar;
1482;Despesas Custeadas c/ Recursos Vinculados;Ação Judicial FUNDEF - Precatórios ;Educação Infantil (Creche) ;122 - Administração Geral;
1254;Despesas Custeadas c/ Recursos Vinculados;Ação Judicial FUNDEF - Precatórios ;Educação Infantil (Creche) ;306 - Alimentação e Nutrição - Merenda Escolar;
1255;Despesas Custeadas c/ Recursos Vinculados;Ação Judicial FUNDEF - Precatórios ;Educação Infantil (Creche) ;365 - Educação Infantil;
1431;Despesas Custeadas c/ Recursos Vinculados;Ação Judicial FUNDEF - Precatórios ;Educação Infantil (Creche) ;367 - Educação Especial;
1257;Despesas Custeadas c/ Recursos Vinculados;Ação Judicial FUNDEF - Precatórios ;Educação Infantil (Creche) ;782 - Transporte Escolar;
1483;Despesas Custeadas c/ Recursos Vinculados;Ação Judicial FUNDEF - Precatórios ;Educação Infantil (Pré-Escola) ;122 - Administração Geral;
1259;Despesas Custeadas c/ Recursos Vinculados;Ação Judicial FUNDEF - Precatórios ;Educação Infantil (Pré-Escola) ;306 - Alimentação e Nutrição - Merenda Escolar;
1260;Despesas Custeadas c/ Recursos Vinculados;Ação Judicial FUNDEF - Precatórios ;Educação Infantil (Pré-Escola) ;365 - Educação Infantil;
1432;Despesas Custeadas c/ Recursos Vinculados;Ação Judicial FUNDEF - Precatórios ;Educação Infantil (Pré-Escola) ;367 - Educação Especial;
1262;Despesas Custeadas c/ Recursos Vinculados;Ação Judicial FUNDEF - Precatórios ;Educação Infantil (Pré-Escola) ;782 - Transporte Escolar;
238;Despesas Próprias Custeadas com Impostos e Transferências;271 - Previdencia Básica;;;
239;Despesas Próprias Custeadas com Impostos e Transferências;272 - Previdencia do Regime Estatutário;;;
240;Despesas Próprias Custeadas com Impostos e Transferências;273 - Previdencia Complementar;;;
173;Despesas Próprias Custeadas com Impostos e Transferências;274 - Previdencia Especial;;;
1397;Despesas Próprias Custeadas com Impostos e Transferências;Ensino Fundamental - Exceto FUNDEB ;122 - Administração Geral;;
5;Despesas Próprias Custeadas com Impostos e Transferências;Ensino Fundamental - Exceto FUNDEB ;306 - Alimentação e Nutrição - Merenda Escolar;;
7;Despesas Próprias Custeadas com Impostos e Transferências;Ensino Fundamental - Exceto FUNDEB ;361 - Ensino Fundamental - Exceto FUNDEB;;
1415;Despesas Próprias Custeadas com Impostos e Transferências;Ensino Fundamental - Exceto FUNDEB ;366 - Educação de Jovens e Adultos;;
1416;Despesas Próprias Custeadas com Impostos e Transferências;Ensino Fundamental - Exceto FUNDEB ;367 - Educação Especial;;
246;Despesas Próprias Custeadas com Impostos e Transferências;Ensino Fundamental - Exceto FUNDEB ;782 - Transporte Escolar;;
1398;Despesas Próprias Custeadas com Impostos e Transferências;Ensino Médio ;122 - Administração Geral;;
257;Despesas Próprias Custeadas com Impostos e Transferências;Ensino Médio ;306 - Alimentação e Nutrição - Merenda Escolar;;
189;Despesas Próprias Custeadas com Impostos e Transferências;Ensino Médio ;362 - Ensino Médio;;
1417;Despesas Próprias Custeadas com Impostos e Transferências;Ensino Médio ;366 - Educação de Jovens e Adultos;;
1418;Despesas Próprias Custeadas com Impostos e Transferências;Ensino Médio ;367 - Educação Especial;;
258;Despesas Próprias Custeadas com Impostos e Transferências;Ensino Médio ;782 - Transporte Escolar;;
1399;Despesas Próprias Custeadas com Impostos e Transferências;Ensino Profissional (Qualificação para o Trabalho) ;122 - Administração Geral;;
296;Despesas Próprias Custeadas com Impostos e Transferências;Ensino Profissional (Qualificação para o Trabalho) ;306 - Alimentação e Nutrição - Merenda Escolar;;
298;Despesas Próprias Custeadas com Impostos e Transferências;Ensino Profissional (Qualificação para o Trabalho) ;363 - Ensino Profissional;;
299;Despesas Próprias Custeadas com Impostos e Transferências;Ensino Profissional (Qualificação para o Trabalho) ;782 - Transporte Escolar;;
1400;Despesas Próprias Custeadas com Impostos e Transferências;Ensino Superior ;122 - Administração Geral;;
307;Despesas Próprias Custeadas com Impostos e Transferências;Ensino Superior ;364 - Ensino Superior;;
308;Despesas Próprias Custeadas com Impostos e Transferências;Ensino Superior ;782 - Transporte Escolar;;
1401;Despesas Próprias Custeadas com Impostos e Transferências;Educação Infantil (Creche) - Exceto FUNDEB ;122 - Administração Geral;;
710;Despesas Próprias Custeadas com Impostos e Transferências;Educação Infantil (Creche) - Exceto FUNDEB ;306 - Alimentação e Nutrição - Merenda Escolar;;
712;Despesas Próprias Custeadas com Impostos e Transferências;Educação Infantil (Creche) - Exceto FUNDEB ;365 - Educação Infantil;;
1419;Despesas Próprias Custeadas com Impostos e Transferências;Educação Infantil (Creche) - Exceto FUNDEB ;367 - Educação Especial;;
714;Despesas Próprias Custeadas com Impostos e Transferências;Educação Infantil (Creche) - Exceto FUNDEB ;782 - Transporte Escolar;;
1402;Despesas Próprias Custeadas com Impostos e Transferências;Educação Infantil (Pré-Escola) - Exceto FUNDEB ;122 - Administração Geral;;
137;Despesas Próprias Custeadas com Impostos e Transferências;Educação Infantil (Pré-Escola) - Exceto FUNDEB ;306 - Alimentação e Nutrição - Merenda Escolar;;
11;Despesas Próprias Custeadas com Impostos e Transferências;Educação Infantil (Pré-Escola) - Exceto FUNDEB ;365 - Educação Infantil;;
1420;Despesas Próprias Custeadas com Impostos e Transferências;Educação Infantil (Pré-Escola) - Exceto FUNDEB ;367 - Educação Especial;;
315;Despesas Próprias Custeadas com Impostos e Transferências;Educação Infantil (Pré-Escola) - Exceto FUNDEB ;782 - Transporte Escolar;;
337;Despesas Próprias Custeadas com Impostos e Transferências;392 - Difusão Cultural;;;
338;Despesas Próprias Custeadas com Impostos e Transferências;722 - Telecomunicações (Educação a Distância);;;
602;Despesas Próprias Custeadas com Impostos e Transferências;812 - Desporto Comunitário;;;
609;Despesas Próprias Custeadas com Impostos e Transferências;813 - Lazer;;;
1649;Despesas Custeadas com Receitas do FUNDEB Recebidas no Exercício + Superavit;FUNDEB 30;;;
1517;Despesas Custeadas com Receitas do FUNDEB Recebidas no Exercício + Superavit;FUNDEB 30 ;FUNDEB (Impostos e Transferências) ;Ensino Fundamental ;122 - Administração Geral
1518;Despesas Custeadas com Receitas do FUNDEB Recebidas no Exercício + Superavit;FUNDEB 30 ;FUNDEB (Impostos e Transferências) ;Ensino Fundamental ;306 - Alimentação e Nutrição - Merenda Escolar
1519;Despesas Custeadas com Receitas do FUNDEB Recebidas no Exercício + Superavit;FUNDEB 30 ;FUNDEB (Impostos e Transferências) ;Ensino Fundamental ;361 - Ensino Fundamental
1520;Despesas Custeadas com Receitas do FUNDEB Recebidas no Exercício + Superavit;FUNDEB 30 ;FUNDEB (Impostos e Transferências) ;Ensino Fundamental ;366 - Educação de Jovens e Adultos
1521;Despesas Custeadas com Receitas do FUNDEB Recebidas no Exercício + Superavit;FUNDEB 30 ;FUNDEB (Impostos e Transferências) ;Ensino Fundamental ;367 - Educação Especial
1522;Despesas Custeadas com Receitas do FUNDEB Recebidas no Exercício + Superavit;FUNDEB 30 ;FUNDEB (Impostos e Transferências) ;Ensino Fundamental ;782 - Transporte Escolar
1524;Despesas Custeadas com Receitas do FUNDEB Recebidas no Exercício + Superavit;FUNDEB 30 ;FUNDEB (Impostos e Transferências) ;Educação Infantil (Creche) ;122 - Administração Geral
1525;Despesas Custeadas com Receitas do FUNDEB Recebidas no Exercício + Superavit;FUNDEB 30 ;FUNDEB (Impostos e Transferências) ;Educação Infantil (Creche) ;306 - Alimentação e Nutrição - Merenda Escolar
1526;Despesas Custeadas com Receitas do FUNDEB Recebidas no Exercício + Superavit;FUNDEB 30 ;FUNDEB (Impostos e Transferências) ;Educação Infantil (Creche) ;365 - Educação Infantil
1527;Despesas Custeadas com Receitas do FUNDEB Recebidas no Exercício + Superavit;FUNDEB 30 ;FUNDEB (Impostos e Transferências) ;Educação Infantil (Creche) ;367 - Educação Especial
1528;Despesas Custeadas com Receitas do FUNDEB Recebidas no Exercício + Superavit;FUNDEB 30 ;FUNDEB (Impostos e Transferências) ;Educação Infantil (Creche) ;782 - Transporte Escolar
1530;Despesas Custeadas com Receitas do FUNDEB Recebidas no Exercício + Superavit;FUNDEB 30 ;FUNDEB (Impostos e Transferências) ;Educação Infantil (Pré-Escola) ;122 - Administração Geral
1531;Despesas Custeadas com Receitas do FUNDEB Recebidas no Exercício + Superavit;FUNDEB 30 ;FUNDEB (Impostos e Transferências) ;Educação Infantil (Pré-Escola) ;306 - Alimentação e Nutrição - Merenda Escolar
1532;Despesas Custeadas com Receitas do FUNDEB Recebidas no Exercício + Superavit;FUNDEB 30 ;FUNDEB (Impostos e Transferências) ;Educação Infantil (Pré-Escola) ;365 - Educação Infantil
1533;Despesas Custeadas com Receitas do FUNDEB Recebidas no Exercício + Superavit;FUNDEB 30 ;FUNDEB (Impostos e Transferências) ;Educação Infantil (Pré-Escola) ;367 - Educação Especial
1534;Despesas Custeadas com Receitas do FUNDEB Recebidas no Exercício + Superavit;FUNDEB 30 ;FUNDEB (Impostos e Transferências) ;Educação Infantil (Pré-Escola) ;782 - Transporte Escolar
1405;Despesas Custeadas com Receitas do FUNDEB Recebidas no Exercício + Superavit;FUNDEB 30 ;FUNDEB (VAAF) ;Ensino Fundamental ;122 - Administração Geral
346;Despesas Custeadas com Receitas do FUNDEB Recebidas no Exercício + Superavit;FUNDEB 30 ;FUNDEB (VAAF) ;Ensino Fundamental ;306 - Alimentação e Nutrição - Merenda Escolar
32;Despesas Custeadas com Receitas do FUNDEB Recebidas no Exercício + Superavit;FUNDEB 30 ;FUNDEB (VAAF) ;Ensino Fundamental ;361 - Ensino Fundamental
1421;Despesas Custeadas com Receitas do FUNDEB Recebidas no Exercício + Superavit;FUNDEB 30 ;FUNDEB (VAAF) ;Ensino Fundamental ;366 - Educação de Jovens e Adultos
1422;Despesas Custeadas com Receitas do FUNDEB Recebidas no Exercício + Superavit;FUNDEB 30 ;FUNDEB (VAAF) ;Ensino Fundamental ;367 - Educação Especial
348;Despesas Custeadas com Receitas do FUNDEB Recebidas no Exercício + Superavit;FUNDEB 30 ;FUNDEB (VAAF) ;Ensino Fundamental ;782 - Transporte Escolar
1406;Despesas Custeadas com Receitas do FUNDEB Recebidas no Exercício + Superavit;FUNDEB 30 ;FUNDEB (VAAF) ;Educação Infantil (Creche) ;122 - Administração Geral
728;Despesas Custeadas com Receitas do FUNDEB Recebidas no Exercício + Superavit;FUNDEB 30 ;FUNDEB (VAAF) ;Educação Infantil (Creche) ;306 - Alimentação e Nutrição - Merenda Escolar
730;Despesas Custeadas com Receitas do FUNDEB Recebidas no Exercício + Superavit;FUNDEB 30 ;FUNDEB (VAAF) ;Educação Infantil (Creche) ;365 - Educação Infantil
1423;Despesas Custeadas com Receitas do FUNDEB Recebidas no Exercício + Superavit;FUNDEB 30 ;FUNDEB (VAAF) ;Educação Infantil (Creche) ;367 - Educação Especial
732;Despesas Custeadas com Receitas do FUNDEB Recebidas no Exercício + Superavit;FUNDEB 30 ;FUNDEB (VAAF) ;Educação Infantil (Creche) ;782 - Transporte Escolar
1407;Despesas Custeadas com Receitas do FUNDEB Recebidas no Exercício + Superavit;FUNDEB 30 ;FUNDEB (VAAF) ;Educação Infantil (Pré-Escola) ;122 - Administração Geral
357;Despesas Custeadas com Receitas do FUNDEB Recebidas no Exercício + Superavit;FUNDEB 30 ;FUNDEB (VAAF) ;Educação Infantil (Pré-Escola) ;306 - Alimentação e Nutrição - Merenda Escolar
359;Despesas Custeadas com Receitas do FUNDEB Recebidas no Exercício + Superavit;FUNDEB 30 ;FUNDEB (VAAF) ;Educação Infantil (Pré-Escola) ;365 - Educação Infantil
1424;Despesas Custeadas com Receitas do FUNDEB Recebidas no Exercício + Superavit;FUNDEB 30 ;FUNDEB (VAAF) ;Educação Infantil (Pré-Escola) ;367 - Educação Especial
361;Despesas Custeadas com Receitas do FUNDEB Recebidas no Exercício + Superavit;FUNDEB 30 ;FUNDEB (VAAF) ;Educação Infantil (Pré-Escola) ;782 - Transporte Escolar
1410;Despesas Custeadas com Receitas do FUNDEB Recebidas no Exercício + Superavit;FUNDEB 30 ;FUNDEB (VAAT) ;Ensino Fundamental ;122 - Administração Geral
1345;Despesas Custeadas com Receitas do FUNDEB Recebidas no Exercício + Superavit;FUNDEB 30 ;FUNDEB (VAAT) ;Ensino Fundamental ;306 - Alimentação e Nutrição - Merenda Escolar
1346;Despesas Custeadas com Receitas do FUNDEB Recebidas no Exercício + Superavit;FUNDEB 30 ;FUNDEB (VAAT) ;Ensino Fundamental ;361 - Ensino Fundamental
1425;Despesas Custeadas com Receitas do FUNDEB Recebidas no Exercício + Superavit;FUNDEB 30 ;FUNDEB (VAAT) ;Ensino Fundamental ;366 - Educação de Jovens e Adultos
1426;Despesas Custeadas com Receitas do FUNDEB Recebidas no Exercício + Superavit;FUNDEB 30 ;FUNDEB (VAAT) ;Ensino Fundamental ;367 - Educação Especial
1347;Despesas Custeadas com Receitas do FUNDEB Recebidas no Exercício + Superavit;FUNDEB 30 ;FUNDEB (VAAT) ;Ensino Fundamental ;782 - Transporte Escolar
1411;Despesas Custeadas com Receitas do FUNDEB Recebidas no Exercício + Superavit;FUNDEB 30 ;FUNDEB (VAAT) ;Educação Infantil (Creche) ;122 - Administração Geral
1349;Despesas Custeadas com Receitas do FUNDEB Recebidas no Exercício + Superavit;FUNDEB 30 ;FUNDEB (VAAT) ;Educação Infantil (Creche) ;306 - Alimentação e Nutrição - Merenda Escolar
1350;Despesas Custeadas com Receitas do FUNDEB Recebidas no Exercício + Superavit;FUNDEB 30 ;FUNDEB (VAAT) ;Educação Infantil (Creche) ;365 - Educação Infantil
1427;Despesas Custeadas com Receitas do FUNDEB Recebidas no Exercício + Superavit;FUNDEB 30 ;FUNDEB (VAAT) ;Educação Infantil (Creche) ;367 - Educação Especial
1351;Despesas Custeadas com Receitas do FUNDEB Recebidas no Exercício + Superavit;FUNDEB 30 ;FUNDEB (VAAT) ;Educação Infantil (Creche) ;782 - Transporte Escolar
1412;Despesas Custeadas com Receitas do FUNDEB Recebidas no Exercício + Superavit;FUNDEB 30 ;FUNDEB (VAAT) ;Educação Infantil (Pré-Escola) ;122 - Administração Geral
1353;Despesas Custeadas com Receitas do FUNDEB Recebidas no Exercício + Superavit;FUNDEB 30 ;FUNDEB (VAAT) ;Educação Infantil (Pré-Escola) ;306 - Alimentação e Nutrição - Merenda Escolar
1354;Despesas Custeadas com Receitas do FUNDEB Recebidas no Exercício + Superavit;FUNDEB 30 ;FUNDEB (VAAT) ;Educação Infantil (Pré-Escola) ;365 - Educação Infantil
1428;Despesas Custeadas com Receitas do FUNDEB Recebidas no Exercício + Superavit;FUNDEB 30 ;FUNDEB (VAAT) ;Educação Infantil (Pré-Escola) ;367 - Educação Especial
1355;Despesas Custeadas com Receitas do FUNDEB Recebidas no Exercício + Superavit;FUNDEB 30 ;FUNDEB (VAAT) ;Educação Infantil (Pré-Escola) ;782 - Transporte Escolar
1643;Despesas Custeadas com Receitas do FUNDEB Recebidas no Exercício + Superavit;FUNDEB 70;;;
1651;Despesas Custeadas com Receitas do FUNDEB Recebidas no Exercício + Superavit;FUNDEB 70 ;FUNDEB (Impostos e Transferências) ;Ensino Fundamental ;361 - Ensino Fundamental
1652;Despesas Custeadas com Receitas do FUNDEB Recebidas no Exercício + Superavit;FUNDEB 70 ;FUNDEB (Impostos e Transferências) ;Ensino Fundamental ;366 - Educação de Jovens e Adultos
1653;Despesas Custeadas com Receitas do FUNDEB Recebidas no Exercício + Superavit;FUNDEB 70 ;FUNDEB (Impostos e Transferências) ;Ensino Fundamental ;367 - Educação Especial
1658;Despesas Custeadas com Receitas do FUNDEB Recebidas no Exercício + Superavit;FUNDEB 70 ;FUNDEB (Impostos e Transferências) ;Educação Infantil (Creche) ;365 - Educação Infantil
1659;Despesas Custeadas com Receitas do FUNDEB Recebidas no Exercício + Superavit;FUNDEB 70 ;FUNDEB (Impostos e Transferências) ;Educação Infantil (Creche) ;367 - Educação Especial
1664;Despesas Custeadas com Receitas do FUNDEB Recebidas no Exercício + Superavit;FUNDEB 70 ;FUNDEB (Impostos e Transferências) ;Educação Infantil (Pré-Escola) ;365 - Educação Infantil
1665;Despesas Custeadas com Receitas do FUNDEB Recebidas no Exercício + Superavit;FUNDEB 70 ;FUNDEB (Impostos e Transferências) ;Educação Infantil (Pré-Escola) ;367 - Educação Especial
1670;Despesas Custeadas com Receitas do FUNDEB Recebidas no Exercício + Superavit;FUNDEB 70 ;FUNDEB (VAAF) ;Ensino Fundamental ;361 - Ensino Fundamental
1671;Despesas Custeadas com Receitas do FUNDEB Recebidas no Exercício + Superavit;FUNDEB 70 ;FUNDEB (VAAF) ;Ensino Fundamental ;366 - Educação de Jovens e Adultos
1672;Despesas Custeadas com Receitas do FUNDEB Recebidas no Exercício + Superavit;FUNDEB 70 ;FUNDEB (VAAF) ;Ensino Fundamental ;367 - Educação Especial
1677;Despesas Custeadas com Receitas do FUNDEB Recebidas no Exercício + Superavit;FUNDEB 70 ;FUNDEB (VAAF) ;Educação Infantil (Creche) ;365 - Educação Infantil
1678;Despesas Custeadas com Receitas do FUNDEB Recebidas no Exercício + Superavit;FUNDEB 70 ;FUNDEB (VAAF) ;Educação Infantil (Creche) ;367 - Educação Especial
1683;Despesas Custeadas com Receitas do FUNDEB Recebidas no Exercício + Superavit;FUNDEB 70 ;FUNDEB (VAAF) ;Educação Infantil (Pré-Escola) ;365 - Educação Infantil
1684;Despesas Custeadas com Receitas do FUNDEB Recebidas no Exercício + Superavit;FUNDEB 70 ;FUNDEB (VAAF) ;Educação Infantil (Pré-Escola) ;367 - Educação Especial
1689;Despesas Custeadas com Receitas do FUNDEB Recebidas no Exercício + Superavit;FUNDEB 70 ;FUNDEB (VAAT) ;Ensino Fundamental ;361 - Ensino Fundamental
1690;Despesas Custeadas com Receitas do FUNDEB Recebidas no Exercício + Superavit;FUNDEB 70 ;FUNDEB (VAAT) ;Ensino Fundamental ;366 - Educação de Jovens e Adultos
1691;Despesas Custeadas com Receitas do FUNDEB Recebidas no Exercício + Superavit;FUNDEB 70 ;FUNDEB (VAAT) ;Ensino Fundamental ;367 - Educação Especial
1696;Despesas Custeadas com Receitas do FUNDEB Recebidas no Exercício + Superavit;FUNDEB 70 ;FUNDEB (VAAT) ;Educação Infantil (Creche) ;365 - Educação Infantil
1697;Despesas Custeadas com Receitas do FUNDEB Recebidas no Exercício + Superavit;FUNDEB 70 ;FUNDEB (VAAT) ;Educação Infantil (Creche) ;367 - Educação Especial
1702;Despesas Custeadas com Receitas do FUNDEB Recebidas no Exercício + Superavit;FUNDEB 70 ;FUNDEB (VAAT) ;Educação Infantil (Pré-Escola) ;365 - Educação Infantil
1703;Despesas Custeadas com Receitas do FUNDEB Recebidas no Exercício + Superavit;FUNDEB 70 ;FUNDEB (VAAT) ;Educação Infantil (Pré-Escola) ;367 - Educação Especial
1576;Despesas Custeadas c/ Recursos Vinculados;Operações de Crédito Vinculadas à Educação ;Ensino Fundamental ;122 - Administração Geral;
1577;Despesas Custeadas c/ Recursos Vinculados;Operações de Crédito Vinculadas à Educação ;Ensino Fundamental ;306 - Alimentação e Nutrição - Merenda Escolar;
1578;Despesas Custeadas c/ Recursos Vinculados;Operações de Crédito Vinculadas à Educação ;Ensino Fundamental ;361 - Ensino Fundamental;
1639;Despesas Custeadas c/ Recursos Vinculados;Operações de Crédito Vinculadas à Educação ;Ensino Fundamental ;366 - Educação de Jovens e Adultos;
1640;Despesas Custeadas c/ Recursos Vinculados;Operações de Crédito Vinculadas à Educação ;Ensino Fundamental ;367 - Educação Especial;
1619;Despesas Custeadas c/ Recursos Vinculados;Operações de Crédito Vinculadas à Educação ;Ensino Fundamental ;782 - Transporte Escolar;
1580;Despesas Custeadas c/ Recursos Vinculados;Operações de Crédito Vinculadas à Educação ;Ensino Médio ;122 - Administração Geral;
1581;Despesas Custeadas c/ Recursos Vinculados;Operações de Crédito Vinculadas à Educação ;Ensino Médio ;306 - Alimentação e Nutrição - Merenda Escolar;
1582;Despesas Custeadas c/ Recursos Vinculados;Operações de Crédito Vinculadas à Educação ;Ensino Médio ;362 - Ensino Médio;
1641;Despesas Custeadas c/ Recursos Vinculados;Operações de Crédito Vinculadas à Educação ;Ensino Médio ;366 - Educação de Jovens e Adultos;
1642;Despesas Custeadas c/ Recursos Vinculados;Operações de Crédito Vinculadas à Educação ;Ensino Médio ;367 - Educação Especial;
1620;Despesas Custeadas c/ Recursos Vinculados;Operações de Crédito Vinculadas à Educação ;Ensino Médio ;782 - Transporte Escolar;
1584;Despesas Custeadas c/ Recursos Vinculados;Operações de Crédito Vinculadas à Educação ;Ensino Profissional ;122 - Administração Geral;
1585;Despesas Custeadas c/ Recursos Vinculados;Operações de Crédito Vinculadas à Educação ;Ensino Profissional ;306 - Alimentação e Nutrição - Merenda Escolar;
1621;Despesas Custeadas c/ Recursos Vinculados;Operações de Crédito Vinculadas à Educação ;Ensino Profissional ;363 - Ensino Profissional;
1622;Despesas Custeadas c/ Recursos Vinculados;Operações de Crédito Vinculadas à Educação ;Ensino Profissional ;782 - Transporte Escolar;
1587;Despesas Custeadas c/ Recursos Vinculados;Operações de Crédito Vinculadas à Educação ;Ensino Superior ;122 - Administração Geral;
1588;Despesas Custeadas c/ Recursos Vinculados;Operações de Crédito Vinculadas à Educação ;Ensino Superior ;306 - Alimentação e Nutrição - Merenda Escolar;
1623;Despesas Custeadas c/ Recursos Vinculados;Operações de Crédito Vinculadas à Educação ;Ensino Superior ;364 - Ensino Superior;
1624;Despesas Custeadas c/ Recursos Vinculados;Operações de Crédito Vinculadas à Educação ;Ensino Superior ;782 - Transporte Escolar;
1590;Despesas Custeadas c/ Recursos Vinculados;Operações de Crédito Vinculadas à Educação ;Educação Infantil (Creche) ;122 - Administração Geral;
1591;Despesas Custeadas c/ Recursos Vinculados;Operações de Crédito Vinculadas à Educação ;Educação Infantil (Creche) ;306 - Alimentação e Nutrição - Merenda Escolar;
1625;Despesas Custeadas c/ Recursos Vinculados;Operações de Crédito Vinculadas à Educação ;Educação Infantil (Creche) ;365 - Educação Infantil;
1626;Despesas Custeadas c/ Recursos Vinculados;Operações de Crédito Vinculadas à Educação ;Educação Infantil (Creche) ;367 - Educação Especial;
1627;Despesas Custeadas c/ Recursos Vinculados;Operações de Crédito Vinculadas à Educação ;Educação Infantil (Creche) ;782 - Transporte Escolar;
1593;Despesas Custeadas c/ Recursos Vinculados;Operações de Crédito Vinculadas à Educação ;Educação Infantil (Pré-Escola) ;122 - Administração Geral;
1594;Despesas Custeadas c/ Recursos Vinculados;Operações de Crédito Vinculadas à Educação ;Educação Infantil (Pré-Escola) ;306 - Alimentação e Nutrição - Merenda Escolar;
1628;Despesas Custeadas c/ Recursos Vinculados;Operações de Crédito Vinculadas à Educação ;Educação Infantil (Pré-Escola) ;365 - Educação Infantil;
1629;Despesas Custeadas c/ Recursos Vinculados;Operações de Crédito Vinculadas à Educação ;Educação Infantil (Pré-Escola) ;367 - Educação Especial;
1630;Despesas Custeadas c/ Recursos Vinculados;Operações de Crédito Vinculadas à Educação ;Educação Infantil (Pré-Escola) ;782 - Transporte Escolar;
1489;Despesas Custeadas c/ Recursos Vinculados;Outras Transferências de Recursos do FNDE ;Ensino Fundamental ;122 - Administração Geral;
1053;Despesas Custeadas c/ Recursos Vinculados;Outras Transferências de Recursos do FNDE ;Ensino Fundamental ;306 - Alimentação e Nutrição - Merenda Escolar;
1154;Despesas Custeadas c/ Recursos Vinculados;Outras Transferências de Recursos do FNDE ;Ensino Fundamental ;361 - Ensino Fundamental;
1451;Despesas Custeadas c/ Recursos Vinculados;Outras Transferências de Recursos do FNDE ;Ensino Fundamental ;366 - Educação de Jovens e Adultos;
1452;Despesas Custeadas c/ Recursos Vinculados;Outras Transferências de Recursos do FNDE ;Ensino Fundamental ;367 - Educação Especial;
1056;Despesas Custeadas c/ Recursos Vinculados;Outras Transferências de Recursos do FNDE ;Ensino Fundamental ;782 - Transporte Escolar;
1490;Despesas Custeadas c/ Recursos Vinculados;Outras Transferências de Recursos do FNDE ;Ensino Médio ;122 - Administração Geral;
1063;Despesas Custeadas c/ Recursos Vinculados;Outras Transferências de Recursos do FNDE ;Ensino Médio ;306 - Alimentação e Nutrição - Merenda Escolar;
1156;Despesas Custeadas c/ Recursos Vinculados;Outras Transferências de Recursos do FNDE ;Ensino Médio ;362 - Ensino Médio;
1453;Despesas Custeadas c/ Recursos Vinculados;Outras Transferências de Recursos do FNDE ;Ensino Médio ;366 - Educação de Jovens e Adultos;
1454;Despesas Custeadas c/ Recursos Vinculados;Outras Transferências de Recursos do FNDE ;Ensino Médio ;367 - Educação Especial;
1066;Despesas Custeadas c/ Recursos Vinculados;Outras Transferências de Recursos do FNDE ;Ensino Médio ;782 - Transporte Escolar;
1491;Despesas Custeadas c/ Recursos Vinculados;Outras Transferências de Recursos do FNDE ;Ensino Profissional ;122 - Administração Geral;
1073;Despesas Custeadas c/ Recursos Vinculados;Outras Transferências de Recursos do FNDE ;Ensino Profissional ;306 - Alimentação e Nutrição - Merenda Escolar;
1158;Despesas Custeadas c/ Recursos Vinculados;Outras Transferências de Recursos do FNDE ;Ensino Profissional ;363 - Ensino Profissional;
1076;Despesas Custeadas c/ Recursos Vinculados;Outras Transferências de Recursos do FNDE ;Ensino Profissional ;782 - Transporte Escolar;
1492;Despesas Custeadas c/ Recursos Vinculados;Outras Transferências de Recursos do FNDE ;Educação Infantil (Creche) ;122 - Administração Geral;
1083;Despesas Custeadas c/ Recursos Vinculados;Outras Transferências de Recursos do FNDE ;Educação Infantil (Creche) ;306 - Alimentação e Nutrição - Merenda Escolar;
1159;Despesas Custeadas c/ Recursos Vinculados;Outras Transferências de Recursos do FNDE ;Educação Infantil (Creche) ;365 - Educação Infantil;
1455;Despesas Custeadas c/ Recursos Vinculados;Outras Transferências de Recursos do FNDE ;Educação Infantil (Creche) ;367 - Educação Especial;
1086;Despesas Custeadas c/ Recursos Vinculados;Outras Transferências de Recursos do FNDE ;Educação Infantil (Creche) ;782 - Transporte Escolar;
1493;Despesas Custeadas c/ Recursos Vinculados;Outras Transferências de Recursos do FNDE ;Educação Infantil (Pré-Escola) ;122 - Administração Geral;
1093;Despesas Custeadas c/ Recursos Vinculados;Outras Transferências de Recursos do FNDE ;Educação Infantil (Pré-Escola) ;306 - Alimentação e Nutrição - Merenda Escolar;
1160;Despesas Custeadas c/ Recursos Vinculados;Outras Transferências de Recursos do FNDE ;Educação Infantil (Pré-Escola) ;365 - Educação Infantil;
1456;Despesas Custeadas c/ Recursos Vinculados;Outras Transferências de Recursos do FNDE ;Educação Infantil (Pré-Escola) ;367 - Educação Especial;
1096;Despesas Custeadas c/ Recursos Vinculados;Outras Transferências de Recursos do FNDE ;Educação Infantil (Pré-Escola) ;782 - Transporte Escolar;
1505;Despesas Custeadas c/ Recursos Vinculados;Outros Recursos Vinculados à Educação ;Ensino Fundamental ;122 - Administração Geral;
1372;Despesas Custeadas c/ Recursos Vinculados;Outros Recursos Vinculados à Educação ;Ensino Fundamental ;306 - Alimentação e Nutrição - Merenda Escolar;
1373;Despesas Custeadas c/ Recursos Vinculados;Outros Recursos Vinculados à Educação ;Ensino Fundamental ;361 - Ensino Fundamental;
1469;Despesas Custeadas c/ Recursos Vinculados;Outros Recursos Vinculados à Educação ;Ensino Fundamental ;366 - Educação de Jovens e Adultos;
1470;Despesas Custeadas c/ Recursos Vinculados;Outros Recursos Vinculados à Educação ;Ensino Fundamental ;367 - Educação Especial;
1374;Despesas Custeadas c/ Recursos Vinculados;Outros Recursos Vinculados à Educação ;Ensino Fundamental ;782 - Transporte Escolar;
1506;Despesas Custeadas c/ Recursos Vinculados;Outros Recursos Vinculados à Educação ;Ensino Médio ;122 - Administração Geral;
1375;Despesas Custeadas c/ Recursos Vinculados;Outros Recursos Vinculados à Educação ;Ensino Médio ;306 - Alimentação e Nutrição - Merenda Escolar;
1376;Despesas Custeadas c/ Recursos Vinculados;Outros Recursos Vinculados à Educação ;Ensino Médio ;362 - Ensino Médio;
1471;Despesas Custeadas c/ Recursos Vinculados;Outros Recursos Vinculados à Educação ;Ensino Médio ;366 - Educação de Jovens e Adultos;
1472;Despesas Custeadas c/ Recursos Vinculados;Outros Recursos Vinculados à Educação ;Ensino Médio ;367 - Educação Especial;
1377;Despesas Custeadas c/ Recursos Vinculados;Outros Recursos Vinculados à Educação ;Ensino Médio ;782 - Transporte Escolar;
1507;Despesas Custeadas c/ Recursos Vinculados;Outros Recursos Vinculados à Educação ;Ensino Profissional ;122 - Administração Geral;
1378;Despesas Custeadas c/ Recursos Vinculados;Outros Recursos Vinculados à Educação ;Ensino Profissional ;306 - Alimentação e Nutrição - Merenda Escolar;
1379;Despesas Custeadas c/ Recursos Vinculados;Outros Recursos Vinculados à Educação ;Ensino Profissional ;363 - Ensino Profissional;
1380;Despesas Custeadas c/ Recursos Vinculados;Outros Recursos Vinculados à Educação ;Ensino Profissional ;782 - Transporte Escolar;
1508;Despesas Custeadas c/ Recursos Vinculados;Outros Recursos Vinculados à Educação ;Educação Infantil (Creche) ;122 - Administração Geral;
1381;Despesas Custeadas c/ Recursos Vinculados;Outros Recursos Vinculados à Educação ;Educação Infantil (Creche) ;306 - Alimentação e Nutrição - Merenda Escolar;
1382;Despesas Custeadas c/ Recursos Vinculados;Outros Recursos Vinculados à Educação ;Educação Infantil (Creche) ;365 - Educação Infantil;
1473;Despesas Custeadas c/ Recursos Vinculados;Outros Recursos Vinculados à Educação ;Educação Infantil (Creche) ;367 - Educação Especial;
1383;Despesas Custeadas c/ Recursos Vinculados;Outros Recursos Vinculados à Educação ;Educação Infantil (Creche) ;782 - Transporte Escolar;
1509;Despesas Custeadas c/ Recursos Vinculados;Outros Recursos Vinculados à Educação ;Educação Infantil (Pré-Escola) ;122 - Administração Geral;
1384;Despesas Custeadas c/ Recursos Vinculados;Outros Recursos Vinculados à Educação ;Educação Infantil (Pré-Escola) ;306 - Alimentação e Nutrição - Merenda Escolar;
1385;Despesas Custeadas c/ Recursos Vinculados;Outros Recursos Vinculados à Educação ;Educação Infantil (Pré-Escola) ;365 - Educação Infantil;
1474;Despesas Custeadas c/ Recursos Vinculados;Outros Recursos Vinculados à Educação ;Educação Infantil (Pré-Escola) ;367 - Educação Especial;
1386;Despesas Custeadas c/ Recursos Vinculados;Outros Recursos Vinculados à Educação ;Educação Infantil (Pré-Escola) ;782 - Transporte Escolar;
1484;Despesas Custeadas c/ Recursos Vinculados;PDDE ;Ensino Fundamental ;122 - Administração Geral;
1003;Despesas Custeadas c/ Recursos Vinculados;PDDE ;Ensino Fundamental ;306 - Alimentação e Nutrição - Merenda Escolar;
1147;Despesas Custeadas c/ Recursos Vinculados;PDDE ;Ensino Fundamental ;361 - Ensino Fundamental;
1445;Despesas Custeadas c/ Recursos Vinculados;PDDE ;Ensino Fundamental ;366 - Educação de Jovens e Adultos;
1446;Despesas Custeadas c/ Recursos Vinculados;PDDE ;Ensino Fundamental ;367 - Educação Especial;
1006;Despesas Custeadas c/ Recursos Vinculados;PDDE ;Ensino Fundamental ;782 - Transporte Escolar;
1485;Despesas Custeadas c/ Recursos Vinculados;PDDE ;Ensino Médio ;122 - Administração Geral;
1013;Despesas Custeadas c/ Recursos Vinculados;PDDE ;Ensino Médio ;306 - Alimentação e Nutrição - Merenda Escolar;
1149;Despesas Custeadas c/ Recursos Vinculados;PDDE ;Ensino Médio ;362 - Ensino Médio;
1447;Despesas Custeadas c/ Recursos Vinculados;PDDE ;Ensino Médio ;366 - Educação de Jovens e Adultos;
1448;Despesas Custeadas c/ Recursos Vinculados;PDDE ;Ensino Médio ;367 - Educação Especial;
1016;Despesas Custeadas c/ Recursos Vinculados;PDDE ;Ensino Médio ;782 - Transporte Escolar;
1486;Despesas Custeadas c/ Recursos Vinculados;PDDE ;Ensino Profissional ;122 - Administração Geral;
1023;Despesas Custeadas c/ Recursos Vinculados;PDDE ;Ensino Profissional ;306 - Alimentação e Nutrição - Merenda Escolar;
1151;Despesas Custeadas c/ Recursos Vinculados;PDDE ;Ensino Profissional ;363 - Ensino Profissional;
1026;Despesas Custeadas c/ Recursos Vinculados;PDDE ;Ensino Profissional ;782 - Transporte Escolar;
1487;Despesas Custeadas c/ Recursos Vinculados;PDDE ;Educação Infantil (Creche) ;122 - Administração Geral;
1033;Despesas Custeadas c/ Recursos Vinculados;PDDE ;Educação Infantil (Creche) ;306 - Alimentação e Nutrição - Merenda Escolar;
1152;Despesas Custeadas c/ Recursos Vinculados;PDDE ;Educação Infantil (Creche) ;365 - Educação Infantil;
1449;Despesas Custeadas c/ Recursos Vinculados;PDDE ;Educação Infantil (Creche) ;367 - Educação Especial;
1036;Despesas Custeadas c/ Recursos Vinculados;PDDE ;Educação Infantil (Creche) ;782 - Transporte Escolar;
1488;Despesas Custeadas c/ Recursos Vinculados;PDDE ;Educação Infantil (Pré-Escola) ;122 - Administração Geral;
1043;Despesas Custeadas c/ Recursos Vinculados;PDDE ;Educação Infantil (Pré-Escola) ;306 - Alimentação e Nutrição - Merenda Escolar;
1153;Despesas Custeadas c/ Recursos Vinculados;PDDE ;Educação Infantil (Pré-Escola) ;365 - Educação Infantil;
1450;Despesas Custeadas c/ Recursos Vinculados;PDDE ;Educação Infantil (Pré-Escola) ;367 - Educação Especial;
1046;Despesas Custeadas c/ Recursos Vinculados;PDDE ;Educação Infantil (Pré-Escola) ;782 - Transporte Escolar;
867;Despesas Custeadas c/ Recursos Vinculados;PNAE ;Ensino Fundamental ;306 - Alimentação e Nutrição - Merenda Escolar;
1433;Despesas Custeadas c/ Recursos Vinculados;PNAE ;Ensino Fundamental ;366 - Educação de Jovens e Adultos;
1434;Despesas Custeadas c/ Recursos Vinculados;PNAE ;Ensino Fundamental ;367 - Educação Especial;
880;Despesas Custeadas c/ Recursos Vinculados;PNAE ;Ensino Médio ;306 - Alimentação e Nutrição - Merenda Escolar;
1435;Despesas Custeadas c/ Recursos Vinculados;PNAE ;Ensino Médio ;366 - Educação de Jovens e Adultos;
1436;Despesas Custeadas c/ Recursos Vinculados;PNAE ;Ensino Médio ;367 - Educação Especial;
893;Despesas Custeadas c/ Recursos Vinculados;PNAE ;Ensino Profissional ;306 - Alimentação e Nutrição - Merenda Escolar;
904;Despesas Custeadas c/ Recursos Vinculados;PNAE ;Educação Infantil (Creche) ;306 - Alimentação e Nutrição - Merenda Escolar;
1437;Despesas Custeadas c/ Recursos Vinculados;PNAE ;Educação Infantil (Creche) ;367 - Educação Especial;
916;Despesas Custeadas c/ Recursos Vinculados;PNAE ;Educação Infantil (Pré-Escola) ;306 - Alimentação e Nutrição - Merenda Escolar;
1438;Despesas Custeadas c/ Recursos Vinculados;PNAE ;Educação Infantil (Pré-Escola) ;367 - Educação Especial;
933;Despesas Custeadas c/ Recursos Vinculados;PNATE ;Ensino Fundamental ;782 - Transporte Escolar;
1439;Despesas Custeadas c/ Recursos Vinculados;PNATE ;Ensino Fundamental ;366 - Educação de Jovens e Adultos;
1440;Despesas Custeadas c/ Recursos Vinculados;PNATE ;Ensino Fundamental ;367 - Educação Especial;
946;Despesas Custeadas c/ Recursos Vinculados;PNATE ;Ensino Médio ;782 - Transporte Escolar;
1441;Despesas Custeadas c/ Recursos Vinculados;PNATE ;Ensino Médio ;366 - Educação de Jovens e Adultos;
1442;Despesas Custeadas c/ Recursos Vinculados;PNATE ;Ensino Médio ;367 - Educação Especial;
957;Despesas Custeadas c/ Recursos Vinculados;PNATE ;Ensino Profissional ;782 - Transporte Escolar;
969;Despesas Custeadas c/ Recursos Vinculados;PNATE ;Educação Infantil (Creche) ;782 - Transporte Escolar;
1443;Despesas Custeadas c/ Recursos Vinculados;PNATE ;Educação Infantil (Creche) ;367 - Educação Especial;
981;Despesas Custeadas c/ Recursos Vinculados;PNATE ;Educação Infantil (Pré-Escola) ;782 - Transporte Escolar;
1444;Despesas Custeadas c/ Recursos Vinculados;PNATE ;Educação Infantil (Pré-Escola) ;367 - Educação Especial;
1556;Despesas Custeadas c/ Recursos Vinculados;Royalties do Petróleo e Gás Natural Vinculados à Educação ;Ensino Fundamental ;122 - Administração Geral;
1557;Despesas Custeadas c/ Recursos Vinculados;Royalties do Petróleo e Gás Natural Vinculados à Educação ;Ensino Fundamental ;306 - Alimentação e Nutrição - Merenda Escolar;
1558;Despesas Custeadas c/ Recursos Vinculados;Royalties do Petróleo e Gás Natural Vinculados à Educação ;Ensino Fundamental ;361 - Ensino Fundamental;
1635;Despesas Custeadas c/ Recursos Vinculados;Royalties do Petróleo e Gás Natural Vinculados à Educação ;Ensino Fundamental ;366 - Educação de Jovens e Adultos;
1636;Despesas Custeadas c/ Recursos Vinculados;Royalties do Petróleo e Gás Natural Vinculados à Educação ;Ensino Fundamental ;367 - Educação Especial;
1607;Despesas Custeadas c/ Recursos Vinculados;Royalties do Petróleo e Gás Natural Vinculados à Educação ;Ensino Fundamental ;782 - Transporte Escolar;
1560;Despesas Custeadas c/ Recursos Vinculados;Royalties do Petróleo e Gás Natural Vinculados à Educação ;Ensino Médio ;122 - Administração Geral;
1561;Despesas Custeadas c/ Recursos Vinculados;Royalties do Petróleo e Gás Natural Vinculados à Educação ;Ensino Médio ;306 - Alimentação e Nutrição - Merenda Escolar;
1562;Despesas Custeadas c/ Recursos Vinculados;Royalties do Petróleo e Gás Natural Vinculados à Educação ;Ensino Médio ;362 - Ensino Médio;
1637;Despesas Custeadas c/ Recursos Vinculados;Royalties do Petróleo e Gás Natural Vinculados à Educação ;Ensino Médio ;366 - Educação de Jovens e Adultos;
1638;Despesas Custeadas c/ Recursos Vinculados;Royalties do Petróleo e Gás Natural Vinculados à Educação ;Ensino Médio ;367 - Educação Especial;
1608;Despesas Custeadas c/ Recursos Vinculados;Royalties do Petróleo e Gás Natural Vinculados à Educação ;Ensino Médio ;782 - Transporte Escolar;
1564;Despesas Custeadas c/ Recursos Vinculados;Royalties do Petróleo e Gás Natural Vinculados à Educação ;Ensino Profissional ;122 - Administração Geral;
1565;Despesas Custeadas c/ Recursos Vinculados;Royalties do Petróleo e Gás Natural Vinculados à Educação ;Ensino Profissional ;306 - Alimentação e Nutrição - Merenda Escolar;
1609;Despesas Custeadas c/ Recursos Vinculados;Royalties do Petróleo e Gás Natural Vinculados à Educação ;Ensino Profissional ;363 - Ensino Profissional;
1610;Despesas Custeadas c/ Recursos Vinculados;Royalties do Petróleo e Gás Natural Vinculados à Educação ;Ensino Profissional ;782 - Transporte Escolar;
1567;Despesas Custeadas c/ Recursos Vinculados;Royalties do Petróleo e Gás Natural Vinculados à Educação ;Ensino Superior ;122 - Administração Geral;
1568;Despesas Custeadas c/ Recursos Vinculados;Royalties do Petróleo e Gás Natural Vinculados à Educação ;Ensino Superior ;306 - Alimentação e Nutrição - Merenda Escolar;
1611;Despesas Custeadas c/ Recursos Vinculados;Royalties do Petróleo e Gás Natural Vinculados à Educação ;Ensino Superior ;364 - Ensino Superior;
1612;Despesas Custeadas c/ Recursos Vinculados;Royalties do Petróleo e Gás Natural Vinculados à Educação ;Ensino Superior ;782 - Transporte Escolar;
1570;Despesas Custeadas c/ Recursos Vinculados;Royalties do Petróleo e Gás Natural Vinculados à Educação ;Educação Infantil (Creche) ;122 - Administração Geral;
1571;Despesas Custeadas c/ Recursos Vinculados;Royalties do Petróleo e Gás Natural Vinculados à Educação ;Educação Infantil (Creche) ;306 - Alimentação e Nutrição - Merenda Escolar;
1613;Despesas Custeadas c/ Recursos Vinculados;Royalties do Petróleo e Gás Natural Vinculados à Educação ;Educação Infantil (Creche) ;365 - Educação Infantil;
1614;Despesas Custeadas c/ Recursos Vinculados;Royalties do Petróleo e Gás Natural Vinculados à Educação ;Educação Infantil (Creche) ;367 - Educação Especial;
1615;Despesas Custeadas c/ Recursos Vinculados;Royalties do Petróleo e Gás Natural Vinculados à Educação ;Educação Infantil (Creche) ;782 - Transporte Escolar;
1573;Despesas Custeadas c/ Recursos Vinculados;Royalties do Petróleo e Gás Natural Vinculados à Educação ;Educação Infantil (Pré-Escola) ;122 - Administração Geral;
1574;Despesas Custeadas c/ Recursos Vinculados;Royalties do Petróleo e Gás Natural Vinculados à Educação ;Educação Infantil (Pré-Escola) ;306 - Alimentação e Nutrição - Merenda Escolar;
1616;Despesas Custeadas c/ Recursos Vinculados;Royalties do Petróleo e Gás Natural Vinculados à Educação ;Educação Infantil (Pré-Escola) ;365 - Educação Infantil;
1617;Despesas Custeadas c/ Recursos Vinculados;Royalties do Petróleo e Gás Natural Vinculados à Educação ;Educação Infantil (Pré-Escola) ;367 - Educação Especial;
1618;Despesas Custeadas c/ Recursos Vinculados;Royalties do Petróleo e Gás Natural Vinculados à Educação ;Educação Infantil (Pré-Escola) ;782 - Transporte Escolar;
1499;Despesas Custeadas c/ Recursos Vinculados;Transferências do Estado referentes a Convênios ou de Contratos de Repasse vinculados à Educação ;Ensino Fundamental ;122 - Administração Geral;
1174;Despesas Custeadas c/ Recursos Vinculados;Transferências do Estado referentes a Convênios ou de Contratos de Repasse vinculados à Educação ;Ensino Fundamental ;306 - Alimentação e Nutrição - Merenda Escolar;
1176;Despesas Custeadas c/ Recursos Vinculados;Transferências do Estado referentes a Convênios ou de Contratos de Repasse vinculados à Educação ;Ensino Fundamental ;361 - Ensino Fundamental;
1463;Despesas Custeadas c/ Recursos Vinculados;Transferências do Estado referentes a Convênios ou de Contratos de Repasse vinculados à Educação ;Ensino Fundamental ;366 - Educação de Jovens e Adultos;
1464;Despesas Custeadas c/ Recursos Vinculados;Transferências do Estado referentes a Convênios ou de Contratos de Repasse vinculados à Educação ;Ensino Fundamental ;367 - Educação Especial;
1179;Despesas Custeadas c/ Recursos Vinculados;Transferências do Estado referentes a Convênios ou de Contratos de Repasse vinculados à Educação ;Ensino Fundamental ;782 - Transporte Escolar;
1500;Despesas Custeadas c/ Recursos Vinculados;Transferências do Estado referentes a Convênios ou de Contratos de Repasse vinculados à Educação ;Ensino Médio ;122 - Administração Geral;
1188;Despesas Custeadas c/ Recursos Vinculados;Transferências do Estado referentes a Convênios ou de Contratos de Repasse vinculados à Educação ;Ensino Médio ;306 - Alimentação e Nutrição - Merenda Escolar;
1190;Despesas Custeadas c/ Recursos Vinculados;Transferências do Estado referentes a Convênios ou de Contratos de Repasse vinculados à Educação ;Ensino Médio ;362 - Ensino Médio;
1465;Despesas Custeadas c/ Recursos Vinculados;Transferências do Estado referentes a Convênios ou de Contratos de Repasse vinculados à Educação ;Ensino Médio ;366 - Educação de Jovens e Adultos;
1466;Despesas Custeadas c/ Recursos Vinculados;Transferências do Estado referentes a Convênios ou de Contratos de Repasse vinculados à Educação ;Ensino Médio ;367 - Educação Especial;
1193;Despesas Custeadas c/ Recursos Vinculados;Transferências do Estado referentes a Convênios ou de Contratos de Repasse vinculados à Educação ;Ensino Médio ;782 - Transporte Escolar;
1501;Despesas Custeadas c/ Recursos Vinculados;Transferências do Estado referentes a Convênios ou de Contratos de Repasse vinculados à Educação ;Ensino Profissional ;122 - Administração Geral;
1215;Despesas Custeadas c/ Recursos Vinculados;Transferências do Estado referentes a Convênios ou de Contratos de Repasse vinculados à Educação ;Ensino Profissional ;306 - Alimentação e Nutrição - Merenda Escolar;
1217;Despesas Custeadas c/ Recursos Vinculados;Transferências do Estado referentes a Convênios ou de Contratos de Repasse vinculados à Educação ;Ensino Profissional ;363 - Ensino Profissional;
1218;Despesas Custeadas c/ Recursos Vinculados;Transferências do Estado referentes a Convênios ou de Contratos de Repasse vinculados à Educação ;Ensino Profissional ;782 - Transporte Escolar;
1502;Despesas Custeadas c/ Recursos Vinculados;Transferências do Estado referentes a Convênios ou de Contratos de Repasse vinculados à Educação ;Ensino Superior ;122 - Administração Geral;
1203;Despesas Custeadas c/ Recursos Vinculados;Transferências do Estado referentes a Convênios ou de Contratos de Repasse vinculados à Educação ;Ensino Superior ;306 - Alimentação e Nutrição - Merenda Escolar;
1205;Despesas Custeadas c/ Recursos Vinculados;Transferências do Estado referentes a Convênios ou de Contratos de Repasse vinculados à Educação ;Ensino Superior ;364 - Ensino Superior;
1206;Despesas Custeadas c/ Recursos Vinculados;Transferências do Estado referentes a Convênios ou de Contratos de Repasse vinculados à Educação ;Ensino Superior ;782 - Transporte Escolar;
1503;Despesas Custeadas c/ Recursos Vinculados;Transferências do Estado referentes a Convênios ou de Contratos de Repasse vinculados à Educação ;Educação Infantil (Creche) ;122 - Administração Geral;
1227;Despesas Custeadas c/ Recursos Vinculados;Transferências do Estado referentes a Convênios ou de Contratos de Repasse vinculados à Educação ;Educação Infantil (Creche) ;306 - Alimentação e Nutrição - Merenda Escolar;
1229;Despesas Custeadas c/ Recursos Vinculados;Transferências do Estado referentes a Convênios ou de Contratos de Repasse vinculados à Educação ;Educação Infantil (Creche) ;365 - Educação Infantil;
1467;Despesas Custeadas c/ Recursos Vinculados;Transferências do Estado referentes a Convênios ou de Contratos de Repasse vinculados à Educação ;Educação Infantil (Creche) ;367 - Educação Especial;
1231;Despesas Custeadas c/ Recursos Vinculados;Transferências do Estado referentes a Convênios ou de Contratos de Repasse vinculados à Educação ;Educação Infantil (Creche) ;782 - Transporte Escolar;
1504;Despesas Custeadas c/ Recursos Vinculados;Transferências do Estado referentes a Convênios ou de Contratos de Repasse vinculados à Educação ;Educação Infantil (Pré-Escola) ;122 - Administração Geral;
1240;Despesas Custeadas c/ Recursos Vinculados;Transferências do Estado referentes a Convênios ou de Contratos de Repasse vinculados à Educação ;Educação Infantil (Pré-Escola) ;306 - Alimentação e Nutrição - Merenda Escolar;
1242;Despesas Custeadas c/ Recursos Vinculados;Transferências do Estado referentes a Convênios ou de Contratos de Repasse vinculados à Educação ;Educação Infantil (Pré-Escola) ;365 - Educação Infantil;
1468;Despesas Custeadas c/ Recursos Vinculados;Transferências do Estado referentes a Convênios ou de Contratos de Repasse vinculados à Educação ;Educação Infantil (Pré-Escola) ;367 - Educação Especial;
1244;Despesas Custeadas c/ Recursos Vinculados;Transferências do Estado referentes a Convênios ou de Contratos de Repasse vinculados à Educação ;Educação Infantil (Pré-Escola) ;782 - Transporte Escolar;
1536;Despesas Custeadas c/ Recursos Vinculados;Transferências de Municípios referentes a Convênios ou de Contratos de Repasse vinculados à Educação ;Ensino Fundamental ;122 - Administração Geral;
1537;Despesas Custeadas c/ Recursos Vinculados;Transferências de Municípios referentes a Convênios ou de Contratos de Repasse vinculados à Educação ;Ensino Fundamental ;306 - Alimentação e Nutrição - Merenda Escolar;
1538;Despesas Custeadas c/ Recursos Vinculados;Transferências de Municípios referentes a Convênios ou de Contratos de Repasse vinculados à Educação ;Ensino Fundamental ;361 - Ensino Fundamental;
1631;Despesas Custeadas c/ Recursos Vinculados;Transferências de Municípios referentes a Convênios ou de Contratos de Repasse vinculados à Educação ;Ensino Fundamental ;366 - Educação de Jovens e Adultos;
1632;Despesas Custeadas c/ Recursos Vinculados;Transferências de Municípios referentes a Convênios ou de Contratos de Repasse vinculados à Educação ;Ensino Fundamental ;367 - Educação Especial;
1595;Despesas Custeadas c/ Recursos Vinculados;Transferências de Municípios referentes a Convênios ou de Contratos de Repasse vinculados à Educação ;Ensino Fundamental ;782 - Transporte Escolar;
1540;Despesas Custeadas c/ Recursos Vinculados;Transferências de Municípios referentes a Convênios ou de Contratos de Repasse vinculados à Educação ;Ensino Médio ;122 - Administração Geral;
1541;Despesas Custeadas c/ Recursos Vinculados;Transferências de Municípios referentes a Convênios ou de Contratos de Repasse vinculados à Educação ;Ensino Médio ;306 - Alimentação e Nutrição - Merenda Escolar;
1542;Despesas Custeadas c/ Recursos Vinculados;Transferências de Municípios referentes a Convênios ou de Contratos de Repasse vinculados à Educação ;Ensino Médio ;362 - Ensino Médio;
1633;Despesas Custeadas c/ Recursos Vinculados;Transferências de Municípios referentes a Convênios ou de Contratos de Repasse vinculados à Educação ;Ensino Médio ;366 - Educação de Jovens e Adultos;
1634;Despesas Custeadas c/ Recursos Vinculados;Transferências de Municípios referentes a Convênios ou de Contratos de Repasse vinculados à Educação ;Ensino Médio ;367 - Educação Especial;
1596;Despesas Custeadas c/ Recursos Vinculados;Transferências de Municípios referentes a Convênios ou de Contratos de Repasse vinculados à Educação ;Ensino Médio ;782 - Transporte Escolar;
1544;Despesas Custeadas c/ Recursos Vinculados;Transferências de Municípios referentes a Convênios ou de Contratos de Repasse vinculados à Educação ;Ensino Profissional ;122 - Administração Geral;
1545;Despesas Custeadas c/ Recursos Vinculados;Transferências de Municípios referentes a Convênios ou de Contratos de Repasse vinculados à Educação ;Ensino Profissional ;306 - Alimentação e Nutrição - Merenda Escolar;
1597;Despesas Custeadas c/ Recursos Vinculados;Transferências de Municípios referentes a Convênios ou de Contratos de Repasse vinculados à Educação ;Ensino Profissional ;363 - Ensino Profissional;
1598;Despesas Custeadas c/ Recursos Vinculados;Transferências de Municípios referentes a Convênios ou de Contratos de Repasse vinculados à Educação ;Ensino Profissional ;728 - Transporte Escolar;
1547;Despesas Custeadas c/ Recursos Vinculados;Transferências de Municípios referentes a Convênios ou de Contratos de Repasse vinculados à Educação ;Ensino Superior ;122 - Administração Geral;
1548;Despesas Custeadas c/ Recursos Vinculados;Transferências de Municípios referentes a Convênios ou de Contratos de Repasse vinculados à Educação ;Ensino Superior ;306 - Alimentação e Nutrição - Merenda Escolar;
1599;Despesas Custeadas c/ Recursos Vinculados;Transferências de Municípios referentes a Convênios ou de Contratos de Repasse vinculados à Educação ;Ensino Superior ;364 - Ensino Superior;
1600;Despesas Custeadas c/ Recursos Vinculados;Transferências de Municípios referentes a Convênios ou de Contratos de Repasse vinculados à Educação ;Ensino Superior ;782 - Transporte Escolar;
1550;Despesas Custeadas c/ Recursos Vinculados;Transferências de Municípios referentes a Convênios ou de Contratos de Repasse vinculados à Educação ;Educação Infantil (Creche) ;122 - Administração Geral;
1551;Despesas Custeadas c/ Recursos Vinculados;Transferências de Municípios referentes a Convênios ou de Contratos de Repasse vinculados à Educação ;Educação Infantil (Creche) ;306 - Alimentação e Nutrição - Merenda Escolar;
1601;Despesas Custeadas c/ Recursos Vinculados;Transferências de Municípios referentes a Convênios ou de Contratos de Repasse vinculados à Educação ;Educação Infantil (Creche) ;365 - Educação Infantil;
1602;Despesas Custeadas c/ Recursos Vinculados;Transferências de Municípios referentes a Convênios ou de Contratos de Repasse vinculados à Educação ;Educação Infantil (Creche) ;367 - Educação Especial;
1603;Despesas Custeadas c/ Recursos Vinculados;Transferências de Municípios referentes a Convênios ou de Contratos de Repasse vinculados à Educação ;Educação Infantil (Creche) ;782 - Transporte Escolar;
1553;Despesas Custeadas c/ Recursos Vinculados;Transferências de Municípios referentes a Convênios ou de Contratos de Repasse vinculados à Educação ;Educação Infantil (Pré-Escola) ;122 - Administração Geral;
1554;Despesas Custeadas c/ Recursos Vinculados;Transferências de Municípios referentes a Convênios ou de Contratos de Repasse vinculados à Educação ;Educação Infantil (Pré-Escola) ;306 - Alimentação e Nutrição - Merenda Escolar;
1604;Despesas Custeadas c/ Recursos Vinculados;Transferências de Municípios referentes a Convênios ou de Contratos de Repasse vinculados à Educação ;Educação Infantil (Pré-Escola) ;365 - Educação Infantil;
1605;Despesas Custeadas c/ Recursos Vinculados;Transferências de Municípios referentes a Convênios ou de Contratos de Repasse vinculados à Educação ;Educação Infantil (Pré-Escola) ;367 - Educação Especial;
1606;Despesas Custeadas c/ Recursos Vinculados;Transferências de Municípios referentes a Convênios ou de Contratos de Repasse vinculados à Educação ;Educação Infantil (Pré-Escola) ;782 - Transporte Escolar;
1494;Despesas Custeadas c/ Recursos Vinculados;Transferências da União referentes a Convênios ou de Contratos de Repasse vinculados à Educação ;Ensino Fundamental ;122 - Administração Geral;
1103;Despesas Custeadas c/ Recursos Vinculados;Transferências da União referentes a Convênios ou de Contratos de Repasse vinculados à Educação ;Ensino Fundamental ;306 - Alimentação e Nutrição - Merenda Escolar;
1161;Despesas Custeadas c/ Recursos Vinculados;Transferências da União referentes a Convênios ou de Contratos de Repasse vinculados à Educação ;Ensino Fundamental ;361 - Ensino Fundamental;
1457;Despesas Custeadas c/ Recursos Vinculados;Transferências da União referentes a Convênios ou de Contratos de Repasse vinculados à Educação ;Ensino Fundamental ;366 - Educação de Jovens e Adultos;
1458;Despesas Custeadas c/ Recursos Vinculados;Transferências da União referentes a Convênios ou de Contratos de Repasse vinculados à Educação ;Ensino Fundamental ;367 - Educação Especial;
1106;Despesas Custeadas c/ Recursos Vinculados;Transferências da União referentes a Convênios ou de Contratos de Repasse vinculados à Educação ;Ensino Fundamental ;782 - Transporte Escolar;
1495;Despesas Custeadas c/ Recursos Vinculados;Transferências da União referentes a Convênios ou de Contratos de Repasse vinculados à Educação ;Ensino Médio ;122 - Administração Geral;
1113;Despesas Custeadas c/ Recursos Vinculados;Transferências da União referentes a Convênios ou de Contratos de Repasse vinculados à Educação ;Ensino Médio ;306 - Alimentação e Nutrição - Merenda Escolar;
1163;Despesas Custeadas c/ Recursos Vinculados;Transferências da União referentes a Convênios ou de Contratos de Repasse vinculados à Educação ;Ensino Médio ;362 - Ensino Médio;
1459;Despesas Custeadas c/ Recursos Vinculados;Transferências da União referentes a Convênios ou de Contratos de Repasse vinculados à Educação ;Ensino Médio ;366 - Educação de Jovens e Adultos;
1460;Despesas Custeadas c/ Recursos Vinculados;Transferências da União referentes a Convênios ou de Contratos de Repasse vinculados à Educação ;Ensino Médio ;367 - Educação Especial;
1116;Despesas Custeadas c/ Recursos Vinculados;Transferências da União referentes a Convênios ou de Contratos de Repasse vinculados à Educação ;Ensino Médio ;782 - Transporte Escolar;
1496;Despesas Custeadas c/ Recursos Vinculados;Transferências da União referentes a Convênios ou de Contratos de Repasse vinculados à Educação ;Ensino Profissional ;122 - Administração Geral;
1123;Despesas Custeadas c/ Recursos Vinculados;Transferências da União referentes a Convênios ou de Contratos de Repasse vinculados à Educação ;Ensino Profissional ;306 - Alimentação e Nutrição - Merenda Escolar;
1125;Despesas Custeadas c/ Recursos Vinculados;Transferências da União referentes a Convênios ou de Contratos de Repasse vinculados à Educação ;Ensino Profissional ;363 - Ensino Profissional;
1126;Despesas Custeadas c/ Recursos Vinculados;Transferências da União referentes a Convênios ou de Contratos de Repasse vinculados à Educação ;Ensino Profissional ;782 - Transporte Escolar;
1497;Despesas Custeadas c/ Recursos Vinculados;Transferências da União referentes a Convênios ou de Contratos de Repasse vinculados à Educação ;Educação Infantil (Creche) ;122 - Administração Geral;
1133;Despesas Custeadas c/ Recursos Vinculados;Transferências da União referentes a Convênios ou de Contratos de Repasse vinculados à Educação ;Educação Infantil (Creche) ;306 - Alimentação e Nutrição - Merenda Escolar;
1165;Despesas Custeadas c/ Recursos Vinculados;Transferências da União referentes a Convênios ou de Contratos de Repasse vinculados à Educação ;Educação Infantil (Creche) ;365 - Educação Infantil;
1461;Despesas Custeadas c/ Recursos Vinculados;Transferências da União referentes a Convênios ou de Contratos de Repasse vinculados à Educação ;Educação Infantil (Creche) ;367 - Educação Especial;
1136;Despesas Custeadas c/ Recursos Vinculados;Transferências da União referentes a Convênios ou de Contratos de Repasse vinculados à Educação ;Educação Infantil (Creche) ;782 - Transporte Escolar;
1498;Despesas Custeadas c/ Recursos Vinculados;Transferências da União referentes a Convênios ou de Contratos de Repasse vinculados à Educação ;Educação Infantil (Pré-Escola) ;122 - Administração Geral;
1143;Despesas Custeadas c/ Recursos Vinculados;Transferências da União referentes a Convênios ou de Contratos de Repasse vinculados à Educação ;Educação Infantil (Pré-Escola) ;306 - Alimentação e Nutrição - Merenda Escolar;
1166;Despesas Custeadas c/ Recursos Vinculados;Transferências da União referentes a Convênios ou de Contratos de Repasse vinculados à Educação ;Educação Infantil (Pré-Escola) ;365 - Educação Infantil;
1462;Despesas Custeadas c/ Recursos Vinculados;Transferências da União referentes a Convênios ou de Contratos de Repasse vinculados à Educação ;Educação Infantil (Pré-Escola) ;367 - Educação Especial;
1146;Despesas Custeadas c/ Recursos Vinculados;Transferências da União referentes a Convênios ou de Contratos de Repasse vinculados à Educação ;Educação Infantil (Pré-Escola) ;782 - Transporte Escolar;
1510;Despesas Custeadas c/ Recursos Vinculados;Vinculadas a Contribuição Social do Salário-Educação ;Ensino Fundamental ;122 - Administração Geral;
769;Despesas Custeadas c/ Recursos Vinculados;Vinculadas a Contribuição Social do Salário-Educação ;Ensino Fundamental ;306 - Alimentação e Nutrição - Merenda Escolar;
771;Despesas Custeadas c/ Recursos Vinculados;Vinculadas a Contribuição Social do Salário-Educação ;Ensino Fundamental ;361 - Ensino Fundamental;
1475;Despesas Custeadas c/ Recursos Vinculados;Vinculadas a Contribuição Social do Salário-Educação ;Ensino Fundamental ;366 - Educação de Jovens e Adultos;
1476;Despesas Custeadas c/ Recursos Vinculados;Vinculadas a Contribuição Social do Salário-Educação ;Ensino Fundamental ;367 - Educação Especial;
774;Despesas Custeadas c/ Recursos Vinculados;Vinculadas a Contribuição Social do Salário-Educação ;Ensino Fundamental ;782 - Transporte Escolar;
1511;Despesas Custeadas c/ Recursos Vinculados;Vinculadas a Contribuição Social do Salário-Educação ;Ensino Médio ;122 - Administração Geral;
782;Despesas Custeadas c/ Recursos Vinculados;Vinculadas a Contribuição Social do Salário-Educação ;Ensino Médio ;306 - Alimentação e Nutrição - Merenda Escolar;
784;Despesas Custeadas c/ Recursos Vinculados;Vinculadas a Contribuição Social do Salário-Educação ;Ensino Médio ;362 - Ensino Médio;
1477;Despesas Custeadas c/ Recursos Vinculados;Vinculadas a Contribuição Social do Salário-Educação ;Ensino Médio ;366 - Educação de Jovens e Adultos;
1478;Despesas Custeadas c/ Recursos Vinculados;Vinculadas a Contribuição Social do Salário-Educação ;Ensino Médio ;367 - Educação Especial;
787;Despesas Custeadas c/ Recursos Vinculados;Vinculadas a Contribuição Social do Salário-Educação ;Ensino Médio ;782 - Transporte Escolar;
1512;Despesas Custeadas c/ Recursos Vinculados;Vinculadas a Contribuição Social do Salário-Educação ;Ensino Profissional ;122 - Administração Geral;
795;Despesas Custeadas c/ Recursos Vinculados;Vinculadas a Contribuição Social do Salário-Educação ;Ensino Profissional ;306 - Alimentação e Nutrição - Merenda Escolar;
797;Despesas Custeadas c/ Recursos Vinculados;Vinculadas a Contribuição Social do Salário-Educação ;Ensino Profissional ;363 - Ensino Profissional;
798;Despesas Custeadas c/ Recursos Vinculados;Vinculadas a Contribuição Social do Salário-Educação ;Ensino Profissional ;782 - Transporte Escolar;
1513;Despesas Custeadas c/ Recursos Vinculados;Vinculadas a Contribuição Social do Salário-Educação ;Educação Infantil (Creche) ;122 - Administração Geral;
806;Despesas Custeadas c/ Recursos Vinculados;Vinculadas a Contribuição Social do Salário-Educação ;Educação Infantil (Creche) ;306 - Alimentação e Nutrição - Merenda Escolar;
808;Despesas Custeadas c/ Recursos Vinculados;Vinculadas a Contribuição Social do Salário-Educação ;Educação Infantil (Creche) ;365 - Educação Infantil;
1479;Despesas Custeadas c/ Recursos Vinculados;Vinculadas a Contribuição Social do Salário-Educação ;Educação Infantil (Creche) ;367 - Educação Especial;
810;Despesas Custeadas c/ Recursos Vinculados;Vinculadas a Contribuição Social do Salário-Educação ;Educação Infantil (Creche) ;782 - Transporte Escolar;
1514;Despesas Custeadas c/ Recursos Vinculados;Vinculadas a Contribuição Social do Salário-Educação ;Educação Infantil (Pré-Escola) ;122 - Administração Geral;
818;Despesas Custeadas c/ Recursos Vinculados;Vinculadas a Contribuição Social do Salário-Educação ;Educação Infantil (Pré-Escola) ;306 - Alimentação e Nutrição - Merenda Escolar;
820;Despesas Custeadas c/ Recursos Vinculados;Vinculadas a Contribuição Social do Salário-Educação ;Educação Infantil (Pré-Escola) ;365 - Educação Infantil;
1480;Despesas Custeadas c/ Recursos Vinculados;Vinculadas a Contribuição Social do Salário-Educação ;Educação Infantil (Pré-Escola) ;367 - Educação Especial;
822;Despesas Custeadas c/ Recursos Vinculados;Vinculadas a Contribuição Social do Salário-Educação ;Educação Infantil (Pré-Escola) ;782 - Transporte Escolar;